{"duration":"11.650439932s","hostname":"ip-172-31-23-112","metric":"client","n_clients":2,"n_requests":10000,"started":"2018-08-06T16:21:47.042161228Z","throughput":858.3366858562333,"version":"0.3.3"}
{"clients":11,"commits":55000,"drops":0,"duration":"11.655580984s","finished":"2018-08-06T16:21:58.692314068Z","metric":"server","quorum":["alia-virginia-80","alia-virginia-81","alia-virginia-82","alia-virginia-79","alia-virginia-78"],"replica":"alia-virginia-81","started":"2018-08-06T16:21:47.036733122Z","throughput":4718.769495531824,"version":"0.3.3"}
