{"duration":"16.090737645s","hostname":"ip-172-31-23-112","metric":"client","n_clients":3,"n_requests":15000,"started":"2018-08-06T18:58:17.371760574Z","throughput":932.2133224054564,"version":"0.3.3"}
{"clients":18,"commits":90000,"drops":0,"duration":"16.109707738s","finished":"2018-08-06T18:58:33.462133544Z","metric":"server","quorum":["alia-virginia-80","alia-virginia-81","alia-virginia-82","alia-virginia-79","alia-virginia-78"],"replica":"alia-virginia-81","started":"2018-08-06T18:58:17.352425883Z","throughput":5586.693530616055,"version":"0.3.3"}
