{"duration":"6.845820648s","hostname":"ip-172-31-23-112","metric":"client","n_clients":1,"n_requests":5000,"started":"2018-08-06T17:02:05.915005866Z","throughput":730.3726254442183,"version":"0.3.3"}
{"clients":3,"commits":15000,"drops":0,"duration":"7.485825656s","finished":"2018-08-06T17:02:13.396976058Z","metric":"server","quorum":["alia-virginia-80","alia-virginia-81","alia-virginia-82","alia-virginia-79","alia-virginia-78"],"replica":"alia-virginia-81","started":"2018-08-06T17:02:05.911150388Z","throughput":2003.7869821316608,"version":"0.3.3"}
