{"duration":"7.007069004s","hostname":"ip-172-31-23-112","metric":"client","n_clients":1,"n_requests":5000,"started":"2018-08-06T18:24:10.901423752Z","throughput":713.5651150496362,"version":"0.3.3"}
{"clients":7,"commits":35000,"drops":0,"duration":"7.523711893s","finished":"2018-08-06T18:24:18.379207943Z","metric":"server","quorum":["alia-virginia-80","alia-virginia-81","alia-virginia-82"],"replica":"alia-virginia-81","started":"2018-08-06T18:24:10.855496056Z","throughput":4651.959099146754,"version":"0.3.3"}
