{"duration":"15.957202598s","hostname":"ip-172-31-23-112","metric":"client","n_clients":3,"n_requests":15000,"started":"2018-08-06T18:56:09.489666931Z","throughput":940.0143858473057,"version":"0.3.3"}
{"clients":16,"commits":80000,"drops":0,"duration":"15.975774846s","finished":"2018-08-06T18:56:25.446527892Z","metric":"server","quorum":["alia-virginia-80","alia-virginia-81","alia-virginia-82","alia-virginia-79","alia-virginia-78"],"replica":"alia-virginia-81","started":"2018-08-06T18:56:09.470753123Z","throughput":5007.581840077718,"version":"0.3.3"}
