{"duration":"11.442061273s","hostname":"ip-172-31-23-112","metric":"client","n_clients":3,"n_requests":15000,"started":"2018-08-06T16:04:44.098414463Z","throughput":1310.9526021675588,"version":"0.3.3"}
{"clients":16,"commits":80000,"drops":0,"duration":"11.640087393s","finished":"2018-08-06T16:04:55.700600738Z","metric":"server","quorum":["alia-virginia-80","alia-virginia-81","alia-virginia-82"],"replica":"alia-virginia-81","started":"2018-08-06T16:04:44.06051339Z","throughput":6872.800632760679,"version":"0.3.3"}
