{"duration":"10.401708891s","hostname":"ip-172-31-23-112","metric":"client","n_clients":3,"n_requests":15000,"started":"2018-08-06T16:52:28.371174251Z","throughput":1442.0707363747351,"version":"0.3.3"}
{"clients":15,"commits":75000,"drops":0,"duration":"10.570442462s","finished":"2018-08-06T16:52:38.915378435Z","metric":"server","quorum":["alia-virginia-80","alia-virginia-81","alia-virginia-82"],"replica":"alia-virginia-81","started":"2018-08-06T16:52:28.344935897Z","throughput":7095.256444526304,"version":"0.3.3"}
