{"duration":"10.659311094s","hostname":"ip-172-31-23-112","metric":"client","n_clients":3,"n_requests":15000,"started":"2018-08-06T15:18:47.617609458Z","throughput":1407.220397990197,"version":"0.3.3"}
{"clients":17,"commits":85000,"drops":0,"duration":"11.207601175s","finished":"2018-08-06T15:18:58.825738286Z","metric":"server","quorum":["alia-virginia-80","alia-virginia-81","alia-virginia-82"],"replica":"alia-virginia-81","started":"2018-08-06T15:18:47.618137221Z","throughput":7584.138538905494,"version":"0.3.3"}
