{"duration":"9.024251603s","hostname":"ip-172-31-23-112","metric":"client","n_clients":2,"n_requests":10000,"started":"2018-08-06T17:08:28.876210508Z","throughput":1108.1251321356804,"version":"0.3.3"}
{"clients":9,"commits":45000,"drops":0,"duration":"9.365054302s","finished":"2018-08-06T17:08:38.243220058Z","metric":"server","quorum":["alia-virginia-80","alia-virginia-81","alia-virginia-82","alia-virginia-79","alia-virginia-78"],"replica":"alia-virginia-81","started":"2018-08-06T17:08:28.878165847Z","throughput":4805.09760529523,"version":"0.3.3"}
