{"duration":"13.006839515s","hostname":"ip-172-31-23-112","metric":"client","n_clients":2,"n_requests":10000,"started":"2018-08-06T15:35:52.201226199Z","throughput":768.8262770112299,"version":"0.3.3"}
{"clients":12,"commits":60000,"drops":0,"duration":"13.136758493s","finished":"2018-08-06T15:36:05.333934844Z","metric":"server","quorum":["alia-virginia-80","alia-virginia-81","alia-virginia-82","alia-virginia-79","alia-virginia-78"],"replica":"alia-virginia-81","started":"2018-08-06T15:35:52.197176386Z","throughput":4567.336762106981,"version":"0.3.3"}
