{"duration":"8.845521524s","hostname":"ip-172-31-23-112","metric":"client","n_clients":2,"n_requests":10000,"started":"2018-08-06T16:46:05.162184398Z","throughput":1130.5155917452266,"version":"0.3.3"}
{"clients":9,"commits":45000,"drops":0,"duration":"9.128242594s","finished":"2018-08-06T16:46:14.270550222Z","metric":"server","quorum":["alia-virginia-80","alia-virginia-81","alia-virginia-82"],"replica":"alia-virginia-81","started":"2018-08-06T16:46:05.142307676Z","throughput":4929.7550472178,"version":"0.3.3"}
