{"duration":"12.506049376s","hostname":"ip-172-31-23-112","metric":"client","n_clients":3,"n_requests":15000,"started":"2018-08-06T18:39:06.280591847Z","throughput":1199.419540817268,"version":"0.3.3"}
{"clients":21,"commits":105000,"drops":0,"duration":"13.037357336s","finished":"2018-08-06T18:39:19.288762703Z","metric":"server","quorum":["alia-virginia-80","alia-virginia-81","alia-virginia-82"],"replica":"alia-virginia-81","started":"2018-08-06T18:39:06.251405414Z","throughput":8053.779404363179,"version":"0.3.3"}
