{"duration":"7.770886642s","hostname":"ip-172-31-23-112","metric":"client","n_clients":2,"n_requests":10000,"started":"2018-08-06T15:09:12.583915096Z","throughput":1286.8544428318016,"version":"0.3.3"}
{"clients":8,"commits":40000,"drops":0,"duration":"7.852622644s","finished":"2018-08-06T15:09:20.388073443Z","metric":"server","quorum":["alia-virginia-80","alia-virginia-81","alia-virginia-82"],"replica":"alia-virginia-81","started":"2018-08-06T15:09:12.535450888Z","throughput":5093.839576076285,"version":"0.3.3"}
