{"duration":"18.044299753s","hostname":"ip-172-31-23-112","metric":"client","n_clients":3,"n_requests":15000,"started":"2018-08-06T16:31:21.890427389Z","throughput":831.2874539509984,"version":"0.3.3"}
{"clients":20,"commits":100000,"drops":0,"duration":"18.723748201s","finished":"2018-08-06T16:31:40.616277798Z","metric":"server","quorum":["alia-virginia-80","alia-virginia-81","alia-virginia-82","alia-virginia-79","alia-virginia-78"],"replica":"alia-virginia-81","started":"2018-08-06T16:31:21.892529719Z","throughput":5340.81098113994,"version":"0.3.3"}
