{"duration":"11.267306482s","hostname":"ip-172-31-23-112","metric":"client","n_clients":3,"n_requests":15000,"started":"2018-08-06T18:34:50.794795934Z","throughput":1331.2853452564848,"version":"0.3.3"}
{"clients":17,"commits":85000,"drops":0,"duration":"11.726668102s","finished":"2018-08-06T18:35:02.519461749Z","metric":"server","quorum":["alia-virginia-80","alia-virginia-81","alia-virginia-82"],"replica":"alia-virginia-81","started":"2018-08-06T18:34:50.792793719Z","throughput":7248.435724509261,"version":"0.3.3"}
