{"duration":"9.880697261s","hostname":"ip-172-31-23-112","metric":"client","n_clients":2,"n_requests":10000,"started":"2018-08-06T16:49:16.768457042Z","throughput":1012.0743238911791,"version":"0.3.3"}
{"clients":12,"commits":60000,"drops":0,"duration":"10.13323565s","finished":"2018-08-06T16:49:26.867648734Z","metric":"server","quorum":["alia-virginia-80","alia-virginia-81","alia-virginia-82"],"replica":"alia-virginia-81","started":"2018-08-06T16:49:16.734413061Z","throughput":5921.109709907911,"version":"0.3.3"}
