{"duration":"12.581179078s","hostname":"ip-172-31-23-112","metric":"client","n_clients":3,"n_requests":15000,"started":"2018-08-06T16:57:49.800507794Z","throughput":1192.257093473032,"version":"0.3.3"}
{"clients":20,"commits":100000,"drops":0,"duration":"12.760419104s","finished":"2018-08-06T16:58:02.559637392Z","metric":"server","quorum":["alia-virginia-80","alia-virginia-81","alia-virginia-82"],"replica":"alia-virginia-81","started":"2018-08-06T16:57:49.799218325Z","throughput":7836.733197003934,"version":"0.3.3"}
