{"duration":"8.813808014s","hostname":"ip-172-31-23-112","metric":"client","n_clients":1,"n_requests":5000,"started":"2018-08-06T16:16:26.796265714Z","throughput":567.2916850534884,"version":"0.3.3"}
{"clients":6,"commits":30000,"drops":0,"duration":"8.95145779s","finished":"2018-08-06T16:16:35.740338918Z","metric":"server","quorum":["alia-virginia-80","alia-virginia-81","alia-virginia-82","alia-virginia-79","alia-virginia-78"],"replica":"alia-virginia-81","started":"2018-08-06T16:16:26.788881093Z","throughput":3351.409424453087,"version":"0.3.3"}
