{"duration":"9.213938623s","hostname":"ip-172-31-23-112","metric":"client","n_clients":2,"n_requests":10000,"started":"2018-08-06T15:59:24.242530611Z","throughput":1085.3122002612236,"version":"0.3.3"}
{"clients":11,"commits":55000,"drops":0,"duration":"9.520763835s","finished":"2018-08-06T15:59:33.729560262Z","metric":"server","quorum":["alia-virginia-80","alia-virginia-81","alia-virginia-82"],"replica":"alia-virginia-81","started":"2018-08-06T15:59:24.20879644Z","throughput":5776.847420351962,"version":"0.3.3"}
