{"duration":"10.851552237s","hostname":"ip-172-31-23-112","metric":"client","n_clients":2,"n_requests":10000,"started":"2018-08-06T15:33:44.356003287Z","throughput":921.5271494435142,"version":"0.3.3"}
{"clients":10,"commits":50000,"drops":0,"duration":"11.237711346s","finished":"2018-08-06T15:33:55.585860081Z","metric":"server","quorum":["alia-virginia-80","alia-virginia-81","alia-virginia-82","alia-virginia-79","alia-virginia-78"],"replica":"alia-virginia-81","started":"2018-08-06T15:33:44.34814891Z","throughput":4449.304530125453,"version":"0.3.3"}
