{"duration":"8.560072367s","hostname":"ip-172-31-23-112","metric":"client","n_clients":1,"n_requests":5000,"started":"2018-08-06T15:29:26.550032798Z","throughput":584.1072114384848,"version":"0.3.3"}
{"clients":6,"commits":30000,"drops":0,"duration":"9.038463111s","finished":"2018-08-06T15:29:35.547842561Z","metric":"server","quorum":["alia-virginia-80","alia-virginia-81","alia-virginia-82","alia-virginia-79","alia-virginia-78"],"replica":"alia-virginia-81","started":"2018-08-06T15:29:26.509379454Z","throughput":3319.1483586948943,"version":"0.3.3"}
