{"duration":"15.758752241s","hostname":"ip-172-31-23-112","metric":"client","n_clients":3,"n_requests":15000,"started":"2018-08-06T18:57:13.482172836Z","throughput":951.852010273635,"version":"0.3.3"}
{"clients":17,"commits":85000,"drops":0,"duration":"15.781149146s","finished":"2018-08-06T18:57:29.240588921Z","metric":"server","quorum":["alia-virginia-80","alia-virginia-81","alia-virginia-82","alia-virginia-79","alia-virginia-78"],"replica":"alia-virginia-81","started":"2018-08-06T18:57:13.459439797Z","throughput":5386.1730355387135,"version":"0.3.3"}
