{"duration":"9.847657254s","hostname":"ip-172-31-23-112","metric":"client","n_clients":2,"n_requests":10000,"started":"2018-08-06T16:00:28.160791395Z","throughput":1015.4699480364349,"version":"0.3.3"}
{"clients":12,"commits":60000,"drops":0,"duration":"10.119161675s","finished":"2018-08-06T16:00:38.26601205Z","metric":"server","quorum":["alia-virginia-80","alia-virginia-81","alia-virginia-82"],"replica":"alia-virginia-81","started":"2018-08-06T16:00:28.146850447Z","throughput":5929.3449326176515,"version":"0.3.3"}
