{"duration":"14.208678251s","hostname":"ip-172-31-23-112","metric":"client","n_clients":3,"n_requests":15000,"started":"2018-08-06T17:15:55.84472767Z","throughput":1055.6928473585717,"version":"0.3.3"}
{"clients":16,"commits":80000,"drops":0,"duration":"14.208899439s","finished":"2018-08-06T17:16:10.052856682Z","metric":"server","quorum":["alia-virginia-80","alia-virginia-81","alia-virginia-82","alia-virginia-79","alia-virginia-78"],"replica":"alia-virginia-81","started":"2018-08-06T17:15:55.843957321Z","throughput":5630.2742055038625,"version":"0.3.3"}
