{"duration":"9.1243831s","hostname":"ip-172-31-23-112","metric":"client","n_clients":2,"n_requests":10000,"started":"2018-08-06T16:45:01.18296467Z","throughput":1095.9645041646706,"version":"0.3.3"}
{"clients":8,"commits":40000,"drops":0,"duration":"9.410128535s","finished":"2018-08-06T16:45:10.595314715Z","metric":"server","quorum":["alia-virginia-80","alia-virginia-81","alia-virginia-82"],"replica":"alia-virginia-81","started":"2018-08-06T16:45:01.185186238Z","throughput":4250.738961877528,"version":"0.3.3"}
