{"duration":"6.969959013s","hostname":"ip-172-31-23-112","metric":"client","n_clients":1,"n_requests":5000,"started":"2018-08-06T16:41:49.637679887Z","throughput":717.3643332298316,"version":"0.3.3"}
{"clients":5,"commits":25000,"drops":0,"duration":"7.540429369s","finished":"2018-08-06T16:41:57.180219734Z","metric":"server","quorum":["alia-virginia-80","alia-virginia-81","alia-virginia-82"],"replica":"alia-virginia-81","started":"2018-08-06T16:41:49.639790328Z","throughput":3315.461066816605,"version":"0.3.3"}
