{"duration":"8.106326739s","hostname":"ip-172-31-23-112","metric":"client","n_clients":1,"n_requests":5000,"started":"2018-08-06T17:06:21.176447065Z","throughput":616.80217945629,"version":"0.3.3"}
{"clients":7,"commits":35000,"drops":0,"duration":"8.480488088s","finished":"2018-08-06T17:06:29.616539056Z","metric":"server","quorum":["alia-virginia-80","alia-virginia-81","alia-virginia-82","alia-virginia-79","alia-virginia-78"],"replica":"alia-virginia-81","started":"2018-08-06T17:06:21.13605103Z","throughput":4127.120943607651,"version":"0.3.3"}
