{"duration":"9.098415081s","hostname":"ip-172-31-23-112","metric":"client","n_clients":1,"n_requests":5000,"started":"2018-08-06T15:30:30.445599237Z","throughput":549.5462622321309,"version":"0.3.3"}
{"clients":7,"commits":35000,"drops":0,"duration":"9.410379351s","finished":"2018-08-06T15:30:39.838285024Z","metric":"server","quorum":["alia-virginia-80","alia-virginia-81","alia-virginia-82","alia-virginia-79","alia-virginia-78"],"replica":"alia-virginia-81","started":"2018-08-06T15:30:30.427905598Z","throughput":3719.2974581073295,"version":"0.3.3"}
