{"duration":"13.571844121s","hostname":"ip-172-31-23-112","metric":"client","n_clients":3,"n_requests":15000,"started":"2018-08-06T16:58:53.700986953Z","throughput":1105.2293163896707,"version":"0.3.3"}
{"clients":21,"commits":105000,"drops":0,"duration":"13.93826498s","finished":"2018-08-06T16:59:07.642047124Z","metric":"server","quorum":["alia-virginia-80","alia-virginia-81","alia-virginia-82"],"replica":"alia-virginia-81","started":"2018-08-06T16:58:53.703782255Z","throughput":7533.2188153019315,"version":"0.3.3"}
