{"duration":"9.574854576s","hostname":"ip-172-31-23-112","metric":"client","n_clients":2,"n_requests":10000,"started":"2018-08-06T16:18:34.654293991Z","throughput":1044.402285238426,"version":"0.3.3"}
{"clients":0,"commits":0,"drops":0,"duration":"0s","finished":"0001-01-01T00:00:00Z","metric":"server","quorum":["alia-virginia-80","alia-virginia-81","alia-virginia-82","alia-virginia-79","alia-virginia-78"],"replica":"alia-virginia-81","started":"0001-01-01T00:00:00Z","throughput":0,"version":"0.3.3"}
