{"duration":"8.160507435s","hostname":"ip-172-31-23-112","metric":"client","n_clients":1,"n_requests":5000,"started":"2018-08-06T16:43:57.361360205Z","throughput":612.7069964491736,"version":"0.3.3"}
{"clients":7,"commits":35000,"drops":0,"duration":"8.258985093s","finished":"2018-08-06T16:44:05.582083454Z","metric":"server","quorum":["alia-virginia-80","alia-virginia-81","alia-virginia-82"],"replica":"alia-virginia-81","started":"2018-08-06T16:43:57.323098351Z","throughput":4237.808835575289,"version":"0.3.3"}
