{"duration":"8.070808177s","hostname":"ip-172-31-23-112","metric":"client","n_clients":2,"n_requests":10000,"started":"2018-08-06T15:10:16.365450132Z","throughput":1239.033288945928,"version":"0.3.3"}
{"clients":9,"commits":45000,"drops":0,"duration":"8.108629147s","finished":"2018-08-06T15:10:24.435944611Z","metric":"server","quorum":["alia-virginia-80","alia-virginia-81","alia-virginia-82"],"replica":"alia-virginia-81","started":"2018-08-06T15:10:16.327315586Z","throughput":5549.64337179595,"version":"0.3.3"}
