{"duration":"16.643262453s","hostname":"ip-172-31-23-112","metric":"client","n_clients":3,"n_requests":15000,"started":"2018-08-06T15:43:18.855042481Z","throughput":901.2656047670632,"version":"0.3.3"}
{"clients":19,"commits":95000,"drops":0,"duration":"16.643375323s","finished":"2018-08-06T15:43:35.497793391Z","metric":"server","quorum":["alia-virginia-80","alia-virginia-81","alia-virginia-82","alia-virginia-79","alia-virginia-78"],"replica":"alia-virginia-81","started":"2018-08-06T15:43:18.854418083Z","throughput":5707.976786939157,"version":"0.3.3"}
