{"duration":"8.306889822s","hostname":"ip-172-31-23-112","metric":"client","n_clients":2,"n_requests":10000,"started":"2018-08-06T18:28:26.568622156Z","throughput":1203.8199872972866,"version":"0.3.3"}
{"clients":11,"commits":55000,"drops":0,"duration":"8.738675076s","finished":"2018-08-06T18:28:35.280856335Z","metric":"server","quorum":["alia-virginia-80","alia-virginia-81","alia-virginia-82"],"replica":"alia-virginia-81","started":"2018-08-06T18:28:26.542181299Z","throughput":6293.860284501554,"version":"0.3.3"}
