{"duration":"22.843219583s","hostname":"ip-172-31-23-112","metric":"client","n_clients":1,"n_requests":5000,"started":"2018-08-06T17:05:17.215860874Z","throughput":218.88333130243237,"version":"0.3.3"}
{"clients":6,"commits":30006,"drops":0,"duration":"23.315941483s","finished":"2018-08-06T17:05:40.533387535Z","metric":"server","quorum":["alia-virginia-80","alia-virginia-81","alia-virginia-82","alia-virginia-79","alia-virginia-78"],"replica":"alia-virginia-81","started":"2018-08-06T17:05:17.217446145Z","throughput":1286.9306616624433,"version":"0.3.3"}
