{"duration":"7.903074901s","hostname":"ip-172-31-23-112","metric":"client","n_clients":1,"n_requests":5000,"started":"2018-08-06T15:54:04.835998112Z","throughput":632.6651414334103,"version":"0.3.3"}
{"clients":6,"commits":30000,"drops":0,"duration":"8.294726135s","finished":"2018-08-06T15:54:13.120645004Z","metric":"server","quorum":["alia-virginia-80","alia-virginia-81","alia-virginia-82"],"replica":"alia-virginia-81","started":"2018-08-06T15:54:04.825918909Z","throughput":3616.7559376570066,"version":"0.3.3"}
