{"duration":"10.354796189s","hostname":"ip-172-31-23-112","metric":"client","n_clients":3,"n_requests":15000,"started":"2018-08-06T18:33:46.863263534Z","throughput":1448.6040793284415,"version":"0.3.3"}
{"clients":16,"commits":80000,"drops":0,"duration":"10.48691236s","finished":"2018-08-06T18:33:57.354035376Z","metric":"server","quorum":["alia-virginia-80","alia-virginia-81","alia-virginia-82"],"replica":"alia-virginia-81","started":"2018-08-06T18:33:46.867123061Z","throughput":7628.556171132148,"version":"0.3.3"}
