{"duration":"8.628081247s","hostname":"ip-172-31-23-112","metric":"client","n_clients":2,"n_requests":10000,"started":"2018-08-06T15:57:16.399984818Z","throughput":1159.0062394784493,"version":"0.3.3"}
{"clients":9,"commits":45000,"drops":0,"duration":"8.708855839s","finished":"2018-08-06T15:57:25.075397398Z","metric":"server","quorum":["alia-virginia-80","alia-virginia-81","alia-virginia-82"],"replica":"alia-virginia-81","started":"2018-08-06T15:57:16.366541677Z","throughput":5167.154082225244,"version":"0.3.3"}
