{"duration":"10.144518524s","hostname":"ip-172-31-23-112","metric":"client","n_clients":3,"n_requests":15000,"started":"2018-08-06T18:32:42.93591741Z","throughput":1478.6310424208752,"version":"0.3.3"}
{"clients":15,"commits":75000,"drops":0,"duration":"10.353421819s","finished":"2018-08-06T18:32:53.270682576Z","metric":"server","quorum":["alia-virginia-80","alia-virginia-81","alia-virginia-82"],"replica":"alia-virginia-81","started":"2018-08-06T18:32:42.917269198Z","throughput":7243.981874897085,"version":"0.3.3"}
