{"clients":15,"commits":3233,"drops":0,"duration":"40.743294231s","finished":"2018-08-06T02:06:13.082700458Z","metric":"server","quorum":["alia-oregon-100","alia-london-17","alia-tokyo-40"],"replica":"alia-oregon-100","started":"2018-08-06T02:05:32.339406204Z","throughput":79.35048112874817,"version":"0.3.3"}
{"duration":"40.155728736s","hostname":"ip-172-31-3-166","metric":"client","n_clients":1,"n_requests":1000,"started":"2018-08-06T02:05:33.094137782Z","throughput":24.903046999206623,"version":"0.3.3"}
