{"clients":20,"commits":4369,"drops":0,"duration":"40.75005841s","finished":"2018-08-06T02:12:32.262565013Z","metric":"server","quorum":["alia-oregon-100","alia-london-17","alia-tokyo-40"],"replica":"alia-oregon-100","started":"2018-08-06T02:11:51.512506704Z","throughput":107.21457024777796,"version":"0.3.3"}
{"duration":"40.20446403s","hostname":"ip-172-31-3-166","metric":"client","n_clients":1,"n_requests":1000,"started":"2018-08-06T02:11:52.264754537Z","throughput":24.872859870829625,"version":"0.3.3"}
