{"duration":"39.428637933s","hostname":"ip-172-31-3-166","metric":"client","n_clients":1,"n_requests":1000,"started":"2018-08-06T01:41:41.730742004Z","throughput":25.362276061863273,"version":"0.3.3"}
{"clients":0,"commits":0,"drops":0,"duration":"0s","finished":"0001-01-01T00:00:00Z","metric":"server","quorum":["alia-oregon-100","alia-london-17","alia-virginia-80","alia-oregon-103","alia-virginia-81"],"replica":"alia-oregon-100","started":"0001-01-01T00:00:00Z","throughput":0,"version":"0.3.3"}
