{"clients":16,"commits":3955,"drops":0,"duration":"40.825472445s","finished":"2018-08-06T01:17:25.437292495Z","metric":"server","quorum":["alia-oregon-100","alia-london-17","alia-virginia-80"],"replica":"alia-oregon-100","started":"2018-08-06T01:16:44.611820166Z","throughput":96.87579256622611,"version":"0.3.3"}
{"duration":"40.15353905s","hostname":"ip-172-31-3-166","metric":"client","n_clients":1,"n_requests":1000,"started":"2018-08-06T01:16:45.459844877Z","throughput":24.904405032761364,"version":"0.3.3"}
