{"clients":19,"commits":4658,"drops":0,"duration":"40.649040533s","finished":"2018-08-06T01:21:07.901078114Z","metric":"server","quorum":["alia-oregon-100","alia-london-17","alia-virginia-80"],"replica":"alia-oregon-100","started":"2018-08-06T01:20:27.252037471Z","throughput":114.59065057682011,"version":"0.3.3"}
{"duration":"40.309892393s","hostname":"ip-172-31-3-166","metric":"client","n_clients":1,"n_requests":1000,"started":"2018-08-06T01:20:27.959378431Z","throughput":24.807806238987993,"version":"0.3.3"}
