{"duration":"1.256310448s","hostname":"ip-172-31-23-112","metric":"client","n_clients":1,"n_requests":1000,"started":"2018-08-06T02:49:46.054880499Z","throughput":795.9815996053867,"version":"0.3.3"}
{"clients":10,"commits":4320,"drops":0,"duration":"39.988758853s","finished":"2018-08-06T02:50:26.047125976Z","metric":"server","quorum":["alia-virginia-80","alia-virginia-81","alia-virginia-82"],"replica":"alia-virginia-81","started":"2018-08-06T02:49:46.05836712Z","throughput":108.03035962882626,"version":"0.3.3"}
