{"duration":"1.27936835s","hostname":"ip-172-31-23-112","metric":"client","n_clients":1,"n_requests":1000,"started":"2018-08-06T02:55:55.363740715Z","throughput":781.6357189076938,"version":"0.3.3"}
{"clients":15,"commits":8072,"drops":0,"duration":"39.997411531s","finished":"2018-08-06T02:56:35.358317734Z","metric":"server","quorum":["alia-virginia-80","alia-virginia-81","alia-virginia-82"],"replica":"alia-virginia-81","started":"2018-08-06T02:55:55.360906222Z","throughput":201.81305967121887,"version":"0.3.3"}
