{"clients":19,"commits":5551,"drops":0,"duration":"39.998802993s","finished":"2018-08-06T01:46:05.185940075Z","metric":"server","quorum":["alia-oregon-100","alia-london-17","alia-virginia-80","alia-oregon-103","alia-virginia-81"],"replica":"alia-virginia-81","started":"2018-08-06T01:45:25.187137057Z","throughput":138.7791529904396,"version":"0.3.3"}
{"duration":"40.161799092s","hostname":"ip-172-31-23-112","metric":"client","n_clients":1,"n_requests":1000,"started":"2018-08-06T01:45:25.191421307Z","throughput":24.899282965617797,"version":"0.3.3"}
