{"duration":"1.378792319s","hostname":"ip-172-31-23-112","metric":"client","n_clients":1,"n_requests":1000,"started":"2018-08-06T03:23:56.642236444Z","throughput":725.2723896266498,"version":"0.3.3"}
{"clients":18,"commits":9717,"drops":0,"duration":"40.006076107s","finished":"2018-08-06T03:24:36.637900862Z","metric":"server","quorum":["alia-virginia-80","alia-virginia-81","alia-virginia-82","alia-virginia-79","alia-virginia-78"],"replica":"alia-virginia-81","started":"2018-08-06T03:23:56.63182486Z","throughput":242.88810464717844,"version":"0.3.3"}
