{"clients":18,"commits":5305,"drops":0,"duration":"40.011246605s","finished":"2018-08-06T01:44:49.68022021Z","metric":"server","quorum":["alia-oregon-100","alia-london-17","alia-virginia-80","alia-oregon-103","alia-virginia-81"],"replica":"alia-virginia-81","started":"2018-08-06T01:44:09.668973693Z","throughput":132.5877209568637,"version":"0.3.3"}
{"duration":"40.16362464s","hostname":"ip-172-31-23-112","metric":"client","n_clients":1,"n_requests":1000,"started":"2018-08-06T01:44:09.680711772Z","throughput":24.898151224231736,"version":"0.3.3"}
