{"clients":8,"commits":1844,"drops":0,"duration":"39.843367168s","finished":"2018-08-06T01:32:18.399428571Z","metric":"server","quorum":["alia-oregon-100","alia-london-17","alia-virginia-80","alia-oregon-103","alia-virginia-81"],"replica":"alia-virginia-81","started":"2018-08-06T01:31:38.556061409Z","throughput":46.28122899916449,"version":"0.3.3"}
{"duration":"40.160956451s","hostname":"ip-172-31-23-112","metric":"client","n_clients":1,"n_requests":1000,"started":"2018-08-06T01:31:38.403453355Z","throughput":24.899805392336475,"version":"0.3.3"}
