{"clients":17,"commits":5039,"drops":0,"duration":"39.98427734s","finished":"2018-08-06T01:43:35.184192967Z","metric":"server","quorum":["alia-oregon-100","alia-london-17","alia-virginia-80","alia-oregon-103","alia-virginia-81"],"replica":"alia-virginia-81","started":"2018-08-06T01:42:55.199915709Z","throughput":126.0245360232888,"version":"0.3.3"}
{"duration":"40.180495677s","hostname":"ip-172-31-23-112","metric":"client","n_clients":1,"n_requests":1000,"started":"2018-08-06T01:42:55.197877458Z","throughput":24.8876969572184,"version":"0.3.3"}
