{"duration":"1.286505343s","hostname":"ip-172-31-23-112","metric":"client","n_clients":1,"n_requests":1000,"started":"2018-08-06T03:16:37.642823439Z","throughput":777.2995311998483,"version":"0.3.3"}
{"clients":12,"commits":5732,"drops":0,"duration":"39.989576476s","finished":"2018-08-06T03:17:17.635941804Z","metric":"server","quorum":["alia-virginia-80","alia-virginia-81","alia-virginia-82","alia-virginia-79","alia-virginia-78"],"replica":"alia-virginia-81","started":"2018-08-06T03:16:37.646365327Z","throughput":143.33735200821883,"version":"0.3.3"}
