{"duration":"1.444773429s","hostname":"ip-172-31-23-112","metric":"client","n_clients":1,"n_requests":1000,"started":"2018-08-06T03:22:43.672999156Z","throughput":692.1500492240849,"version":"0.3.3"}
{"clients":17,"commits":9301,"drops":0,"duration":"39.993049542s","finished":"2018-08-06T03:23:23.66634203Z","metric":"server","quorum":["alia-virginia-80","alia-virginia-81","alia-virginia-82","alia-virginia-79","alia-virginia-78"],"replica":"alia-virginia-81","started":"2018-08-06T03:22:43.673292558Z","throughput":232.56541090301835,"version":"0.3.3"}
