{"duration":"1.285845464s","hostname":"ip-172-31-23-112","metric":"client","n_clients":1,"n_requests":1000,"started":"2018-08-06T02:59:35.415182093Z","throughput":777.6984311078925,"version":"0.3.3"}
{"clients":18,"commits":9802,"drops":0,"duration":"40.001662418s","finished":"2018-08-06T03:00:15.415604885Z","metric":"server","quorum":["alia-virginia-80","alia-virginia-81","alia-virginia-82"],"replica":"alia-virginia-81","started":"2018-08-06T02:59:35.413942456Z","throughput":245.03981603497766,"version":"0.3.3"}
