{"duration":"1.295736743s","hostname":"ip-172-31-23-112","metric":"client","n_clients":1,"n_requests":1000,"started":"2018-08-06T02:54:41.047945599Z","throughput":771.7617065367112,"version":"0.3.3"}
{"clients":14,"commits":7812,"drops":0,"duration":"39.989949492s","finished":"2018-08-06T02:55:21.041268905Z","metric":"server","quorum":["alia-virginia-80","alia-virginia-81","alia-virginia-82"],"replica":"alia-virginia-81","started":"2018-08-06T02:54:41.051319458Z","throughput":195.34908393827286,"version":"0.3.3"}
