{"clients":12,"commits":3131,"drops":0,"duration":"39.991848135s","finished":"2018-08-06T01:37:16.794756451Z","metric":"server","quorum":["alia-oregon-100","alia-london-17","alia-virginia-80","alia-oregon-103","alia-virginia-81"],"replica":"alia-virginia-81","started":"2018-08-06T01:36:36.802908357Z","throughput":78.29095543248518,"version":"0.3.3"}
{"duration":"40.002817686s","hostname":"ip-172-31-23-112","metric":"client","n_clients":1,"n_requests":1000,"started":"2018-08-06T01:36:36.799433029Z","throughput":24.998239070293675,"version":"0.3.3"}
