{"duration":"1.39076793s","hostname":"ip-172-31-23-112","metric":"client","n_clients":1,"n_requests":1000,"started":"2018-08-06T03:19:03.720583374Z","throughput":719.0272211698181,"version":"0.3.3"}
{"clients":14,"commits":7723,"drops":0,"duration":"39.998057822s","finished":"2018-08-06T03:19:43.716574386Z","metric":"server","quorum":["alia-virginia-80","alia-virginia-81","alia-virginia-82","alia-virginia-79","alia-virginia-78"],"replica":"alia-virginia-81","started":"2018-08-06T03:19:03.718516553Z","throughput":193.08437510563684,"version":"0.3.3"}
