{"duration":"1.272365525s","hostname":"ip-172-31-23-112","metric":"client","n_clients":1,"n_requests":1000,"started":"2018-08-06T02:57:09.04575907Z","throughput":785.9376730597915,"version":"0.3.3"}
{"clients":16,"commits":8281,"drops":0,"duration":"39.993683321s","finished":"2018-08-06T02:57:49.042952284Z","metric":"server","quorum":["alia-virginia-80","alia-virginia-81","alia-virginia-82"],"replica":"alia-virginia-81","started":"2018-08-06T02:57:09.049268971Z","throughput":207.05769792530683,"version":"0.3.3"}
