{"clients":16,"commits":4475,"drops":0,"duration":"39.99334829s","finished":"2018-08-06T01:42:20.740535146Z","metric":"server","quorum":["alia-oregon-100","alia-london-17","alia-virginia-80","alia-oregon-103","alia-virginia-81"],"replica":"alia-virginia-81","started":"2018-08-06T01:41:40.747186857Z","throughput":111.89360709563135,"version":"0.3.3"}
{"duration":"40.002978615s","hostname":"ip-172-31-23-112","metric":"client","n_clients":1,"n_requests":1000,"started":"2018-08-06T01:41:40.745360199Z","throughput":24.99813850424198,"version":"0.3.3"}
