{"duration":"1.450134465s","hostname":"ip-172-31-23-112","metric":"client","n_clients":1,"n_requests":1000,"started":"2018-08-06T02:58:22.310619872Z","throughput":689.5912235283643,"version":"0.3.3"}
{"clients":17,"commits":9258,"drops":0,"duration":"39.998031962s","finished":"2018-08-06T02:59:02.297540313Z","metric":"server","quorum":["alia-virginia-80","alia-virginia-81","alia-virginia-82"],"replica":"alia-virginia-81","started":"2018-08-06T02:58:22.299508334Z","throughput":231.46138812018384,"version":"0.3.3"}
