{"duration":"1.328955032s","hostname":"ip-172-31-23-112","metric":"client","n_clients":1,"n_requests":1000,"started":"2018-08-06T03:11:45.875294846Z","throughput":752.4709082857815,"version":"0.3.3"}
{"clients":8,"commits":3325,"drops":0,"duration":"39.965277885s","finished":"2018-08-06T03:12:25.844534782Z","metric":"server","quorum":["alia-virginia-80","alia-virginia-81","alia-virginia-82","alia-virginia-79","alia-virginia-78"],"replica":"alia-virginia-81","started":"2018-08-06T03:11:45.879256945Z","throughput":83.19721958565333,"version":"0.3.3"}
