{"clients":15,"commits":3754,"drops":0,"duration":"39.781720334s","finished":"2018-08-06T01:19:52.646667155Z","metric":"server","quorum":["alia-oregon-100","alia-london-17","alia-virginia-80"],"replica":"alia-virginia-80","started":"2018-08-06T01:19:12.864946776Z","throughput":94.36494873731219,"version":"0.3.3"}
{"duration":"40.15474872s","hostname":"ip-172-31-31-34","metric":"client","n_clients":1,"n_requests":1000,"started":"2018-08-06T01:19:12.662607856Z","throughput":24.903654782477243,"version":"0.3.3"}
