{"clients":20,"commits":5406,"drops":0,"duration":"40.006415156s","finished":"2018-08-06T02:38:00.25102704Z","metric":"server","quorum":["alia-oregon-100","alia-london-17","alia-tokyo-40","alia-virginia-80","alia-mumbai-1"],"replica":"alia-virginia-80","started":"2018-08-06T02:37:20.244611856Z","throughput":135.12832826735362,"version":"0.3.3"}
{"duration":"40.158211544s","hostname":"ip-172-31-31-34","metric":"client","n_clients":1,"n_requests":1000,"started":"2018-08-06T02:37:20.253611176Z","throughput":24.90150735184842,"version":"0.3.3"}
