{"clients":20,"commits":5643,"drops":0,"duration":"39.996346983s","finished":"2018-08-06T01:22:21.44834773Z","metric":"server","quorum":["alia-oregon-100","alia-london-17","alia-virginia-80"],"replica":"alia-virginia-80","started":"2018-08-06T01:21:41.452000978Z","throughput":141.08788491105184,"version":"0.3.3"}
{"duration":"40.1529808s","hostname":"ip-172-31-31-34","metric":"client","n_clients":1,"n_requests":1000,"started":"2018-08-06T01:21:41.450038959Z","throughput":24.904751280632194,"version":"0.3.3"}
