{"clients":17,"commits":4928,"drops":0,"duration":"39.992052358s","finished":"2018-08-06T02:34:12.317776273Z","metric":"server","quorum":["alia-oregon-100","alia-london-17","alia-tokyo-40","alia-virginia-80","alia-mumbai-1"],"replica":"alia-virginia-80","started":"2018-08-06T02:33:32.325723945Z","throughput":123.22448360203259,"version":"0.3.3"}
{"duration":"40.153505216s","hostname":"ip-172-31-31-34","metric":"client","n_clients":1,"n_requests":1000,"started":"2018-08-06T02:33:32.325041602Z","throughput":24.90442601762023,"version":"0.3.3"}
