{"clients":17,"commits":4997,"drops":0,"duration":"40.021164987s","finished":"2018-08-06T01:18:38.792950325Z","metric":"server","quorum":["alia-oregon-100","alia-london-17","alia-virginia-80"],"replica":"alia-virginia-80","started":"2018-08-06T01:17:58.771785308Z","throughput":124.85893405709619,"version":"0.3.3"}
{"duration":"40.160139402s","hostname":"ip-172-31-31-34","metric":"client","n_clients":1,"n_requests":1000,"started":"2018-08-06T01:17:58.795012843Z","throughput":24.90031197327466,"version":"0.3.3"}
