{"clients":20,"commits":5683,"drops":0,"duration":"40.046032699s","finished":"2018-08-06T01:47:19.574165Z","metric":"server","quorum":["alia-oregon-100","alia-london-17","alia-virginia-80","alia-oregon-103","alia-virginia-81"],"replica":"alia-virginia-80","started":"2018-08-06T01:46:39.528132344Z","throughput":141.91168555235964,"version":"0.3.3"}
{"duration":"40.161938658s","hostname":"ip-172-31-31-34","metric":"client","n_clients":1,"n_requests":1000,"started":"2018-08-06T01:46:39.576252349Z","throughput":24.899196438586426,"version":"0.3.3"}
