{"clients":19,"commits":4869,"drops":0,"duration":"40.0073231s","finished":"2018-08-06T02:36:44.279978475Z","metric":"server","quorum":["alia-oregon-100","alia-london-17","alia-tokyo-40","alia-virginia-80","alia-mumbai-1"],"replica":"alia-virginia-80","started":"2018-08-06T02:36:04.272655442Z","throughput":121.70271897046769,"version":"0.3.3"}
{"duration":"40.372737068s","hostname":"ip-172-31-31-34","metric":"client","n_clients":1,"n_requests":1000,"started":"2018-08-06T02:36:04.282730424Z","throughput":24.76919011747197,"version":"0.3.3"}
