{"clients":18,"commits":5148,"drops":0,"duration":"39.84273406s","finished":"2018-08-06T02:35:28.844330015Z","metric":"server","quorum":["alia-oregon-100","alia-london-17","alia-tokyo-40","alia-virginia-80","alia-mumbai-1"],"replica":"alia-virginia-80","started":"2018-08-06T02:34:49.001596027Z","throughput":129.20800044112235,"version":"0.3.3"}
{"duration":"40.373027064s","hostname":"ip-172-31-31-34","metric":"client","n_clients":1,"n_requests":1000,"started":"2018-08-06T02:34:48.849017476Z","throughput":24.76901220249805,"version":"0.3.3"}
