{"duration":"6.816527065s","hostname":"ip-172-31-31-34","metric":"client","n_clients":1,"n_requests":5000,"started":"2018-08-06T15:08:08.639105464Z","throughput":733.5113544363224,"version":"0.3.3"}
{"clients":7,"commits":35000,"drops":0,"duration":"7.877841875s","finished":"2018-08-06T15:08:16.516896334Z","metric":"server","quorum":["alia-virginia-80","alia-virginia-81","alia-virginia-82"],"replica":"alia-virginia-80","started":"2018-08-06T15:08:08.639054493Z","throughput":4442.841142962139,"version":"0.3.3"}
