{"duration":"11.29791636s","hostname":"ip-172-31-31-34","metric":"client","n_clients":2,"n_requests":10000,"started":"2018-08-06T16:05:47.948247534Z","throughput":885.1189618826315,"version":"0.3.3"}
{"clients":17,"commits":85000,"drops":0,"duration":"11.56131429s","finished":"2018-08-06T16:05:59.49605736Z","metric":"server","quorum":["alia-virginia-80","alia-virginia-81","alia-virginia-82"],"replica":"alia-virginia-80","started":"2018-08-06T16:05:47.934743151Z","throughput":7352.105294250244,"version":"0.3.3"}
