{"duration":"16.088224096s","hostname":"ip-172-31-31-34","metric":"client","n_clients":3,"n_requests":15000,"started":"2018-08-06T16:30:18.153134493Z","throughput":932.3589670614692,"version":"0.3.3"}
{"clients":19,"commits":95000,"drops":0,"duration":"16.106430984s","finished":"2018-08-06T16:30:34.26085902Z","metric":"server","quorum":["alia-virginia-80","alia-virginia-81","alia-virginia-82","alia-virginia-79","alia-virginia-78"],"replica":"alia-virginia-80","started":"2018-08-06T16:30:18.154428091Z","throughput":5898.265114994889,"version":"0.3.3"}
