{"duration":"6.944671501s","hostname":"ip-172-31-31-34","metric":"client","n_clients":1,"n_requests":5000,"started":"2018-08-06T15:04:56.969648431Z","throughput":719.976459546002,"version":"0.3.3"}
{"clients":4,"commits":20000,"drops":0,"duration":"7.035698549s","finished":"2018-08-06T15:05:04.008986639Z","metric":"server","quorum":["alia-virginia-80","alia-virginia-81","alia-virginia-82"],"replica":"alia-virginia-80","started":"2018-08-06T15:04:56.973288159Z","throughput":2842.645952027414,"version":"0.3.3"}
