{"duration":"13.074159326s","hostname":"ip-172-31-31-34","metric":"client","n_clients":3,"n_requests":15000,"started":"2018-08-06T15:19:51.395115093Z","throughput":1147.3013006786728,"version":"0.3.3"}
{"clients":18,"commits":90000,"drops":0,"duration":"14.166389509s","finished":"2018-08-06T15:20:05.54031064Z","metric":"server","quorum":["alia-virginia-80","alia-virginia-81","alia-virginia-82"],"replica":"alia-virginia-80","started":"2018-08-06T15:19:51.373921178Z","throughput":6353.065468291861,"version":"0.3.3"}
