{"duration":"7.786933442s","hostname":"ip-172-31-31-34","metric":"client","n_clients":1,"n_requests":5000,"started":"2018-08-06T18:25:14.972055679Z","throughput":642.1012889402323,"version":"0.3.3"}
{"clients":8,"commits":40000,"drops":0,"duration":"8.817084206s","finished":"2018-08-06T18:25:23.763445285Z","metric":"server","quorum":["alia-virginia-80","alia-virginia-81","alia-virginia-82"],"replica":"alia-virginia-80","started":"2018-08-06T18:25:14.946361108Z","throughput":4536.647157433306,"version":"0.3.3"}
