{"duration":"12.522132482s","hostname":"ip-172-31-31-34","metric":"client","n_clients":3,"n_requests":15000,"started":"2018-08-06T16:55:41.966788748Z","throughput":1197.8790371018533,"version":"0.3.3"}
{"clients":18,"commits":90000,"drops":0,"duration":"12.537530472s","finished":"2018-08-06T16:55:54.503790498Z","metric":"server","quorum":["alia-virginia-80","alia-virginia-81","alia-virginia-82"],"replica":"alia-virginia-80","started":"2018-08-06T16:55:41.966260048Z","throughput":7178.44715919108,"version":"0.3.3"}
