{"duration":"6.256567602s","hostname":"ip-172-31-31-34","metric":"client","n_clients":1,"n_requests":5000,"started":"2018-08-06T18:20:59.155978771Z","throughput":799.1602293886635,"version":"0.3.3"}
{"clients":4,"commits":20000,"drops":0,"duration":"7.992751798s","finished":"2018-08-06T18:21:07.111032602Z","metric":"server","quorum":["alia-virginia-80","alia-virginia-81","alia-virginia-82"],"replica":"alia-virginia-80","started":"2018-08-06T18:20:59.118280803Z","throughput":2502.267117190419,"version":"0.3.3"}
