{"duration":"9.636485291s","hostname":"ip-172-31-31-34","metric":"client","n_clients":1,"n_requests":5000,"started":"2018-08-06T16:20:43.114953703Z","throughput":518.8613741433044,"version":"0.3.3"}
{"clients":10,"commits":50000,"drops":0,"duration":"10.439758679s","finished":"2018-08-06T16:20:53.558405191Z","metric":"server","quorum":["alia-virginia-80","alia-virginia-81","alia-virginia-82","alia-virginia-79","alia-virginia-78"],"replica":"alia-virginia-80","started":"2018-08-06T16:20:43.118646498Z","throughput":4789.382737416818,"version":"0.3.3"}
