{"duration":"15.199765149s","hostname":"ip-172-31-31-34","metric":"client","n_clients":2,"n_requests":10000,"started":"2018-08-06T15:41:11.435453601Z","throughput":657.9049019489559,"version":"0.3.3"}
{"clients":17,"commits":85000,"drops":0,"duration":"15.747658481s","finished":"2018-08-06T15:41:27.151664602Z","metric":"server","quorum":["alia-virginia-80","alia-virginia-81","alia-virginia-82","alia-virginia-79","alia-virginia-78"],"replica":"alia-virginia-80","started":"2018-08-06T15:41:11.404006126Z","throughput":5397.627850677288,"version":"0.3.3"}
