{"duration":"12.437337059s","hostname":"ip-172-31-31-34","metric":"client","n_clients":2,"n_requests":10000,"started":"2018-08-06T16:23:54.985347675Z","throughput":804.0306339341124,"version":"0.3.3"}
{"clients":13,"commits":65000,"drops":0,"duration":"12.433592799s","finished":"2018-08-06T16:24:07.422364886Z","metric":"server","quorum":["alia-virginia-80","alia-virginia-81","alia-virginia-82","alia-virginia-79","alia-virginia-78"],"replica":"alia-virginia-80","started":"2018-08-06T16:23:54.988772105Z","throughput":5227.772941480581,"version":"0.3.3"}
