{"duration":"6.569388079s","hostname":"ip-172-31-31-34","metric":"client","n_clients":1,"n_requests":5000,"started":"2018-08-06T18:23:06.949307325Z","throughput":761.1058959940613,"version":"0.3.3"}
{"clients":6,"commits":30000,"drops":0,"duration":"8.017566295s","finished":"2018-08-06T18:23:14.953272191Z","metric":"server","quorum":["alia-virginia-80","alia-virginia-81","alia-virginia-82"],"replica":"alia-virginia-80","started":"2018-08-06T18:23:06.935705924Z","throughput":3741.783840154701,"version":"0.3.3"}
