{"duration":"13.1069862s","hostname":"ip-172-31-31-34","metric":"client","n_clients":3,"n_requests":15000,"started":"2018-08-06T18:38:02.396246471Z","throughput":1144.4278471888526,"version":"0.3.3"}
{"clients":20,"commits":100000,"drops":0,"duration":"13.692857898s","finished":"2018-08-06T18:38:16.09193081Z","metric":"server","quorum":["alia-virginia-80","alia-virginia-81","alia-virginia-82"],"replica":"alia-virginia-80","started":"2018-08-06T18:38:02.399072989Z","throughput":7303.077322857937,"version":"0.3.3"}
