{"duration":"7.05237938s","hostname":"ip-172-31-31-34","metric":"client","n_clients":1,"n_requests":5000,"started":"2018-08-06T16:42:53.420683099Z","throughput":708.9805767085661,"version":"0.3.3"}
{"clients":6,"commits":30000,"drops":0,"duration":"7.283059767s","finished":"2018-08-06T16:43:00.694515135Z","metric":"server","quorum":["alia-virginia-80","alia-virginia-81","alia-virginia-82"],"replica":"alia-virginia-80","started":"2018-08-06T16:42:53.411455448Z","throughput":4119.147852655539,"version":"0.3.3"}
