{"duration":"12.467004179s","hostname":"ip-172-31-31-34","metric":"client","n_clients":2,"n_requests":10000,"started":"2018-08-06T18:52:57.941065678Z","throughput":802.1173215650689,"version":"0.3.3"}
{"clients":13,"commits":65000,"drops":0,"duration":"12.729597282s","finished":"2018-08-06T18:53:10.674213865Z","metric":"server","quorum":["alia-virginia-80","alia-virginia-81","alia-virginia-82","alia-virginia-79","alia-virginia-78"],"replica":"alia-virginia-80","started":"2018-08-06T18:52:57.944616706Z","throughput":5106.210240595104,"version":"0.3.3"}
