{"duration":"7.502479024s","hostname":"ip-172-31-31-34","metric":"client","n_clients":1,"n_requests":5000,"started":"2018-08-06T15:56:12.446087162Z","throughput":666.4463817899772,"version":"0.3.3"}
{"clients":8,"commits":40000,"drops":0,"duration":"7.878165736s","finished":"2018-08-06T15:56:20.327822835Z","metric":"server","quorum":["alia-virginia-80","alia-virginia-81","alia-virginia-82"],"replica":"alia-virginia-80","started":"2018-08-06T15:56:12.44965718Z","throughput":5077.3240041417685,"version":"0.3.3"}
