{"duration":"10.895019818s","hostname":"ip-172-31-31-34","metric":"client","n_clients":2,"n_requests":10000,"started":"2018-08-06T16:53:32.284002034Z","throughput":917.850556221907,"version":"0.3.3"}
{"clients":16,"commits":80000,"drops":0,"duration":"11.142729999s","finished":"2018-08-06T16:53:43.42882902Z","metric":"server","quorum":["alia-virginia-80","alia-virginia-81","alia-virginia-82"],"replica":"alia-virginia-80","started":"2018-08-06T16:53:32.286099038Z","throughput":7179.569100855856,"version":"0.3.3"}
