{"duration":"9.103388373s","hostname":"ip-172-31-31-34","metric":"client","n_clients":2,"n_requests":10000,"started":"2018-08-06T15:13:28.008531187Z","throughput":1098.4920768248542,"version":"0.3.3"}
{"clients":12,"commits":60000,"drops":0,"duration":"9.389091552s","finished":"2018-08-06T15:13:37.399605713Z","metric":"server","quorum":["alia-virginia-80","alia-virginia-81","alia-virginia-82"],"replica":"alia-virginia-80","started":"2018-08-06T15:13:28.010514211Z","throughput":6390.394605026427,"version":"0.3.3"}
