{"duration":"10.563217381s","hostname":"ip-172-31-31-34","metric":"client","n_clients":2,"n_requests":10000,"started":"2018-08-06T15:15:35.889554899Z","throughput":946.681265689651,"version":"0.3.3"}
{"clients":14,"commits":70000,"drops":0,"duration":"10.598401241s","finished":"2018-08-06T15:15:46.490014889Z","metric":"server","quorum":["alia-virginia-80","alia-virginia-81","alia-virginia-82"],"replica":"alia-virginia-80","started":"2018-08-06T15:15:35.891613686Z","throughput":6604.769758027696,"version":"0.3.3"}
