{"duration":"6.444904068s","hostname":"ip-172-31-31-34","metric":"client","n_clients":1,"n_requests":5000,"started":"2018-08-06T15:51:57.18634758Z","throughput":775.8067377334313,"version":"0.3.3"}
{"clients":4,"commits":20000,"drops":0,"duration":"6.934859297s","finished":"2018-08-06T15:52:04.125013513Z","metric":"server","quorum":["alia-virginia-80","alia-virginia-81","alia-virginia-82"],"replica":"alia-virginia-80","started":"2018-08-06T15:51:57.190154233Z","throughput":2883.980646680451,"version":"0.3.3"}
