{"duration":"13.698936698s","hostname":"ip-172-31-31-34","metric":"client","n_clients":2,"n_requests":10000,"started":"2018-08-06T15:37:59.941497136Z","throughput":729.9836637291686,"version":"0.3.3"}
{"clients":14,"commits":70000,"drops":0,"duration":"13.707204951s","finished":"2018-08-06T15:38:13.640146228Z","metric":"server","quorum":["alia-virginia-80","alia-virginia-81","alia-virginia-82","alia-virginia-79","alia-virginia-78"],"replica":"alia-virginia-80","started":"2018-08-06T15:37:59.932941249Z","throughput":5106.803338115492,"version":"0.3.3"}
