{"duration":"14.841327069s","hostname":"ip-172-31-31-34","metric":"client","n_clients":2,"n_requests":10000,"started":"2018-08-06T17:14:52.111481555Z","throughput":673.7941933028092,"version":"0.3.3"}
{"clients":15,"commits":75000,"drops":0,"duration":"14.837870099s","finished":"2018-08-06T17:15:06.95253296Z","metric":"server","quorum":["alia-virginia-80","alia-virginia-81","alia-virginia-82","alia-virginia-79","alia-virginia-78"],"replica":"alia-virginia-80","started":"2018-08-06T17:14:52.114662869Z","throughput":5054.633818707891,"version":"0.3.3"}
