{"duration":"6.494491131s","hostname":"ip-172-31-31-34","metric":"client","n_clients":1,"n_requests":5000,"started":"2018-08-06T18:22:03.071590784Z","throughput":769.8832593878863,"version":"0.3.3"}
{"clients":5,"commits":25000,"drops":0,"duration":"7.659575005s","finished":"2018-08-06T18:22:10.703389612Z","metric":"server","quorum":["alia-virginia-80","alia-virginia-81","alia-virginia-82"],"replica":"alia-virginia-80","started":"2018-08-06T18:22:03.043814533Z","throughput":3263.88866009936,"version":"0.3.3"}
