{"duration":"11.151455053s","hostname":"ip-172-31-31-34","metric":"client","n_clients":2,"n_requests":10000,"started":"2018-08-06T15:17:43.696799392Z","throughput":896.7439632292442,"version":"0.3.3"}
{"clients":16,"commits":80000,"drops":0,"duration":"11.384368522s","finished":"2018-08-06T15:17:55.047702233Z","metric":"server","quorum":["alia-virginia-80","alia-virginia-81","alia-virginia-82"],"replica":"alia-virginia-80","started":"2018-08-06T15:17:43.663333716Z","throughput":7027.179403530556,"version":"0.3.3"}
