{"duration":"13.217106771s","hostname":"ip-172-31-31-34","metric":"client","n_clients":3,"n_requests":15000,"started":"2018-08-06T16:56:45.878023374Z","throughput":1134.8928521113178,"version":"0.3.3"}
{"clients":19,"commits":95000,"drops":0,"duration":"13.741616336s","finished":"2018-08-06T16:56:59.612568033Z","metric":"server","quorum":["alia-virginia-80","alia-virginia-81","alia-virginia-82"],"replica":"alia-virginia-80","started":"2018-08-06T16:56:45.870951714Z","throughput":6913.30609712345,"version":"0.3.3"}
