{"duration":"15.773457114s","hostname":"ip-172-31-31-34","metric":"client","n_clients":2,"n_requests":10000,"started":"2018-08-06T17:16:59.724279582Z","throughput":633.9764281049289,"version":"0.3.3"}
{"clients":17,"commits":85000,"drops":0,"duration":"16.037226885s","finished":"2018-08-06T17:17:15.758303018Z","metric":"server","quorum":["alia-virginia-80","alia-virginia-81","alia-virginia-82","alia-virginia-79","alia-virginia-78"],"replica":"alia-virginia-80","started":"2018-08-06T17:16:59.721076105Z","throughput":5300.168202989167,"version":"0.3.3"}
