{"duration":"8.392862467s","hostname":"ip-172-31-31-34","metric":"client","n_clients":1,"n_requests":5000,"started":"2018-08-06T18:46:34.493099159Z","throughput":595.7443029311587,"version":"0.3.3"}
{"clients":7,"commits":35000,"drops":0,"duration":"9.02318399s","finished":"2018-08-06T18:46:43.518268029Z","metric":"server","quorum":["alia-virginia-80","alia-virginia-81","alia-virginia-82","alia-virginia-79","alia-virginia-78"],"replica":"alia-virginia-80","started":"2018-08-06T18:46:34.495083995Z","throughput":3878.896854900551,"version":"0.3.3"}
