{"duration":"9.488408918s","hostname":"ip-172-31-31-34","metric":"client","n_clients":2,"n_requests":10000,"started":"2018-08-06T18:29:30.501077642Z","throughput":1053.9174783065564,"version":"0.3.3"}
{"clients":12,"commits":60000,"drops":0,"duration":"9.858680927s","finished":"2018-08-06T18:29:40.362013959Z","metric":"server","quorum":["alia-virginia-80","alia-virginia-81","alia-virginia-82"],"replica":"alia-virginia-80","started":"2018-08-06T18:29:30.503333066Z","throughput":6086.006885127787,"version":"0.3.3"}
