{"duration":"13.615439886s","hostname":"ip-172-31-31-34","metric":"client","n_clients":2,"n_requests":10000,"started":"2018-08-06T16:26:02.884175091Z","throughput":734.4602953506073,"version":"0.3.3"}
{"clients":15,"commits":75000,"drops":0,"duration":"14.372252559s","finished":"2018-08-06T16:26:17.24033027Z","metric":"server","quorum":["alia-virginia-80","alia-virginia-81","alia-virginia-82","alia-virginia-79","alia-virginia-78"],"replica":"alia-virginia-80","started":"2018-08-06T16:26:02.868077754Z","throughput":5218.38867582622,"version":"0.3.3"}
