{"duration":"7.206124525s","hostname":"ip-172-31-31-34","metric":"client","n_clients":1,"n_requests":5000,"started":"2018-08-06T18:43:22.704936683Z","throughput":693.8542322788961,"version":"0.3.3"}
{"clients":4,"commits":20000,"drops":0,"duration":"7.828919999s","finished":"2018-08-06T18:43:30.537664127Z","metric":"server","quorum":["alia-virginia-80","alia-virginia-81","alia-virginia-82","alia-virginia-79","alia-virginia-78"],"replica":"alia-virginia-80","started":"2018-08-06T18:43:22.70874426Z","throughput":2554.630779539787,"version":"0.3.3"}
