{"duration":"14.088956284s","hostname":"ip-172-31-31-34","metric":"client","n_clients":3,"n_requests":15000,"started":"2018-08-06T18:35:54.641055289Z","throughput":1064.6636768285398,"version":"0.3.3"}
{"clients":18,"commits":90000,"drops":0,"duration":"14.334085613s","finished":"2018-08-06T18:36:08.968452538Z","metric":"server","quorum":["alia-virginia-80","alia-virginia-81","alia-virginia-82"],"replica":"alia-virginia-80","started":"2018-08-06T18:35:54.634366933Z","throughput":6278.74023009716,"version":"0.3.3"}
