{"duration":"6.973253469s","hostname":"ip-172-31-31-34","metric":"client","n_clients":1,"n_requests":5000,"started":"2018-08-06T15:53:00.960358589Z","throughput":717.0254203762688,"version":"0.3.3"}
{"clients":5,"commits":25000,"drops":0,"duration":"7.547070389s","finished":"2018-08-06T15:53:08.502887071Z","metric":"server","quorum":["alia-virginia-80","alia-virginia-81","alia-virginia-82"],"replica":"alia-virginia-80","started":"2018-08-06T15:53:00.95581656Z","throughput":3312.5436376528273,"version":"0.3.3"}
