{"duration":"12.596286505s","hostname":"ip-172-31-31-34","metric":"client","n_clients":3,"n_requests":15000,"started":"2018-08-06T16:06:51.791845792Z","throughput":1190.827153228522,"version":"0.3.3"}
{"clients":18,"commits":90000,"drops":0,"duration":"12.670158607s","finished":"2018-08-06T16:07:04.455932385Z","metric":"server","quorum":["alia-virginia-80","alia-virginia-81","alia-virginia-82"],"replica":"alia-virginia-80","started":"2018-08-06T16:06:51.785773856Z","throughput":7103.304922345397,"version":"0.3.3"}
