{"duration":"10.349148746s","hostname":"ip-172-31-31-34","metric":"client","n_clients":2,"n_requests":10000,"started":"2018-08-06T18:31:38.291680605Z","throughput":966.2630468873153,"version":"0.3.3"}
{"clients":14,"commits":70000,"drops":0,"duration":"10.481166203s","finished":"2018-08-06T18:31:48.776457881Z","metric":"server","quorum":["alia-virginia-80","alia-virginia-81","alia-virginia-82"],"replica":"alia-virginia-80","started":"2018-08-06T18:31:38.295291762Z","throughput":6678.646120501749,"version":"0.3.3"}
