{"duration":"8.001239297s","hostname":"ip-172-31-31-34","metric":"client","n_clients":1,"n_requests":5000,"started":"2018-08-06T18:45:30.568946431Z","throughput":624.9031949181559,"version":"0.3.3"}
{"clients":6,"commits":30000,"drops":0,"duration":"8.801338921s","finished":"2018-08-06T18:45:39.373914603Z","metric":"server","quorum":["alia-virginia-80","alia-virginia-81","alia-virginia-82","alia-virginia-79","alia-virginia-78"],"replica":"alia-virginia-80","started":"2018-08-06T18:45:30.572575614Z","throughput":3408.572294428974,"version":"0.3.3"}
