{"duration":"18.553458687s","hostname":"ip-172-31-31-34","metric":"client","n_clients":3,"n_requests":15000,"started":"2018-08-06T17:21:15.098047039Z","throughput":808.4745951174144,"version":"0.3.3"}
{"clients":21,"commits":105000,"drops":0,"duration":"18.549667304s","finished":"2018-08-06T17:21:33.651214957Z","metric":"server","quorum":["alia-virginia-80","alia-virginia-81","alia-virginia-82","alia-virginia-79","alia-virginia-78"],"replica":"alia-virginia-80","started":"2018-08-06T17:21:15.101547707Z","throughput":5660.4788797132815,"version":"0.3.3"}
