{"duration":"9.644062311s","hostname":"ip-172-31-31-34","metric":"client","n_clients":1,"n_requests":5000,"started":"2018-08-06T15:31:34.573440708Z","throughput":518.4537219649658,"version":"0.3.3"}
{"clients":8,"commits":40000,"drops":0,"duration":"9.824362158s","finished":"2018-08-06T15:31:44.367391473Z","metric":"server","quorum":["alia-virginia-80","alia-virginia-81","alia-virginia-82","alia-virginia-79","alia-virginia-78"],"replica":"alia-virginia-80","started":"2018-08-06T15:31:34.543033304Z","throughput":4071.511143085041,"version":"0.3.3"}
