{"duration":"13.534157346s","hostname":"ip-172-31-31-34","metric":"client","n_clients":2,"n_requests":10000,"started":"2018-08-06T18:55:05.65808061Z","throughput":738.8712680332096,"version":"0.3.3"}
{"clients":15,"commits":75000,"drops":0,"duration":"14.96744884s","finished":"2018-08-06T18:55:20.627523665Z","metric":"server","quorum":["alia-virginia-80","alia-virginia-81","alia-virginia-82","alia-virginia-79","alia-virginia-78"],"replica":"alia-virginia-80","started":"2018-08-06T18:55:05.66007475Z","throughput":5010.873984052983,"version":"0.3.3"}
