{"duration":"18.479963818s","hostname":"ip-172-31-31-34","metric":"client","n_clients":3,"n_requests":15000,"started":"2018-08-06T19:01:34.583151915Z","throughput":811.68990089632,"version":"0.3.3"}
{"clients":21,"commits":105000,"drops":0,"duration":"18.489531417s","finished":"2018-08-06T19:01:53.06282954Z","metric":"server","quorum":["alia-virginia-80","alia-virginia-81","alia-virginia-82","alia-virginia-79","alia-virginia-78"],"replica":"alia-virginia-80","started":"2018-08-06T19:01:34.573297964Z","throughput":5678.889185015197,"version":"0.3.3"}
