{"duration":"8.516716989s","hostname":"ip-172-31-31-34","metric":"client","n_clients":1,"n_requests":5000,"started":"2018-08-06T18:27:22.650436168Z","throughput":587.0806798509199,"version":"0.3.3"}
{"clients":10,"commits":50000,"drops":0,"duration":"9.356557035s","finished":"2018-08-06T18:27:31.971571201Z","metric":"server","quorum":["alia-virginia-80","alia-virginia-81","alia-virginia-82"],"replica":"alia-virginia-80","started":"2018-08-06T18:27:22.615014193Z","throughput":5343.846012263421,"version":"0.3.3"}
