{"duration":"7.534471889s","hostname":"ip-172-31-31-34","metric":"client","n_clients":1,"n_requests":5000,"started":"2018-08-06T18:26:18.756833268Z","throughput":663.6165180070261,"version":"0.3.3"}
{"clients":9,"commits":45000,"drops":0,"duration":"8.149629734s","finished":"2018-08-06T18:26:26.910240013Z","metric":"server","quorum":["alia-virginia-80","alia-virginia-81","alia-virginia-82"],"replica":"alia-virginia-80","started":"2018-08-06T18:26:18.7606103Z","throughput":5521.723252316779,"version":"0.3.3"}
