{"duration":"16.609568212s","hostname":"ip-172-31-31-34","metric":"client","n_clients":3,"n_requests":15000,"started":"2018-08-06T17:19:07.447357417Z","throughput":903.0939160214216,"version":"0.3.3"}
{"clients":19,"commits":95000,"drops":0,"duration":"16.936593665s","finished":"2018-08-06T17:19:24.387386936Z","metric":"server","quorum":["alia-virginia-80","alia-virginia-81","alia-virginia-82","alia-virginia-79","alia-virginia-78"],"replica":"alia-virginia-80","started":"2018-08-06T17:19:07.450793324Z","throughput":5609.156237615859,"version":"0.3.3"}
