{"duration":"10.576608141s","hostname":"ip-172-31-31-34","metric":"client","n_clients":2,"n_requests":10000,"started":"2018-08-06T16:51:24.515338952Z","throughput":945.4826979204429,"version":"0.3.3"}
{"clients":14,"commits":70000,"drops":0,"duration":"10.572830437s","finished":"2018-08-06T16:51:35.091729059Z","metric":"server","quorum":["alia-virginia-80","alia-virginia-81","alia-virginia-82"],"replica":"alia-virginia-80","started":"2018-08-06T16:51:24.518898608Z","throughput":6620.743652052953,"version":"0.3.3"}
