{"duration":"6.439962742s","hostname":"ip-172-31-31-34","metric":"client","n_clients":1,"n_requests":5000,"started":"2018-08-06T16:40:45.841725862Z","throughput":776.4020073270169,"version":"0.3.3"}
{"clients":4,"commits":20000,"drops":0,"duration":"6.723907322s","finished":"2018-08-06T16:40:52.569208803Z","metric":"server","quorum":["alia-virginia-80","alia-virginia-81","alia-virginia-82"],"replica":"alia-virginia-80","started":"2018-08-06T16:40:45.845301551Z","throughput":2974.460985588225,"version":"0.3.3"}
