{"duration":"14.653518338s","hostname":"ip-172-31-31-34","metric":"client","n_clients":2,"n_requests":10000,"started":"2018-08-06T15:39:03.876908664Z","throughput":682.4299645544962,"version":"0.3.3"}
{"clients":15,"commits":75000,"drops":0,"duration":"14.663785732s","finished":"2018-08-06T15:39:18.53020877Z","metric":"server","quorum":["alia-virginia-80","alia-virginia-81","alia-virginia-82","alia-virginia-79","alia-virginia-78"],"replica":"alia-virginia-80","started":"2018-08-06T15:39:03.866423114Z","throughput":5114.6410190876895,"version":"0.3.3"}
