{"duration":"10.607571198s","hostname":"ip-172-31-31-34","metric":"client","n_clients":1,"n_requests":5000,"started":"2018-08-06T17:09:32.812284561Z","throughput":471.36143672009695,"version":"0.3.3"}
{"clients":10,"commits":50000,"drops":0,"duration":"11.188290541s","finished":"2018-08-06T17:09:43.977541061Z","metric":"server","quorum":["alia-virginia-80","alia-virginia-81","alia-virginia-82","alia-virginia-79","alia-virginia-78"],"replica":"alia-virginia-80","started":"2018-08-06T17:09:32.789250496Z","throughput":4468.957953565178,"version":"0.3.3"}
