{"duration":"10.758502648s","hostname":"ip-172-31-31-34","metric":"client","n_clients":2,"n_requests":10000,"started":"2018-08-06T17:10:36.716088968Z","throughput":929.4973777655755,"version":"0.3.3"}
{"clients":11,"commits":55000,"drops":0,"duration":"11.125178012s","finished":"2018-08-06T17:10:47.829762684Z","metric":"server","quorum":["alia-virginia-80","alia-virginia-81","alia-virginia-82","alia-virginia-79","alia-virginia-78"],"replica":"alia-virginia-80","started":"2018-08-06T17:10:36.704584694Z","throughput":4943.741119528614,"version":"0.3.3"}
