{"duration":"15.16594456s","hostname":"ip-172-31-31-34","metric":"client","n_clients":3,"n_requests":15000,"started":"2018-08-06T15:21:59.052491666Z","throughput":989.0580794790932,"version":"0.3.3"}
{"clients":20,"commits":100000,"drops":0,"duration":"15.165262923s","finished":"2018-08-06T15:22:14.218121945Z","metric":"server","quorum":["alia-virginia-80","alia-virginia-81","alia-virginia-82"],"replica":"alia-virginia-80","started":"2018-08-06T15:21:59.052859134Z","throughput":6594.016899524875,"version":"0.3.3"}
