{"duration":"7.533418648s","hostname":"ip-172-31-31-34","metric":"client","n_clients":1,"n_requests":5000,"started":"2018-08-06T15:58:20.30803477Z","throughput":663.7092976808635,"version":"0.3.3"}
{"clients":10,"commits":50000,"drops":0,"duration":"8.745303924s","finished":"2018-08-06T15:58:29.028281519Z","metric":"server","quorum":["alia-virginia-80","alia-virginia-81","alia-virginia-82"],"replica":"alia-virginia-80","started":"2018-08-06T15:58:20.282977614Z","throughput":5717.354186260297,"version":"0.3.3"}
