{"duration":"8.470055423s","hostname":"ip-172-31-31-34","metric":"client","n_clients":1,"n_requests":5000,"started":"2018-08-06T15:11:20.158988083Z","throughput":590.3149094423583,"version":"0.3.3"}
{"clients":10,"commits":50000,"drops":0,"duration":"8.548889675s","finished":"2018-08-06T15:11:28.679998973Z","metric":"server","quorum":["alia-virginia-80","alia-virginia-81","alia-virginia-82"],"replica":"alia-virginia-80","started":"2018-08-06T15:11:20.131109303Z","throughput":5848.712745260688,"version":"0.3.3"}
