{"duration":"18.569768106s","hostname":"ip-172-31-31-34","metric":"client","n_clients":3,"n_requests":15000,"started":"2018-08-06T15:45:26.672248925Z","throughput":807.7645296579343,"version":"0.3.3"}
{"clients":21,"commits":105000,"drops":0,"duration":"18.865991302s","finished":"2018-08-06T15:45:45.541879411Z","metric":"server","quorum":["alia-virginia-80","alia-virginia-81","alia-virginia-82","alia-virginia-79","alia-virginia-78"],"replica":"alia-virginia-80","started":"2018-08-06T15:45:26.675888104Z","throughput":5565.570253860387,"version":"0.3.3"}
