{"duration":"14.352866518s","hostname":"ip-172-31-31-34","metric":"client","n_clients":3,"n_requests":15000,"started":"2018-08-06T16:10:03.040461002Z","throughput":1045.0874033551713,"version":"0.3.3"}
{"clients":21,"commits":105000,"drops":0,"duration":"14.514767742s","finished":"2018-08-06T16:10:17.557404441Z","metric":"server","quorum":["alia-virginia-80","alia-virginia-81","alia-virginia-82"],"replica":"alia-virginia-80","started":"2018-08-06T16:10:03.042636954Z","throughput":7234.011722844969,"version":"0.3.3"}
