{"duration":"10.616762649s","hostname":"ip-172-31-31-34","metric":"client","n_clients":2,"n_requests":10000,"started":"2018-08-06T16:02:36.037926673Z","throughput":941.906712112652,"version":"0.3.3"}
{"clients":14,"commits":70000,"drops":0,"duration":"10.753064569s","finished":"2018-08-06T16:02:46.794612025Z","metric":"server","quorum":["alia-virginia-80","alia-virginia-81","alia-virginia-82"],"replica":"alia-virginia-80","started":"2018-08-06T16:02:36.041547537Z","throughput":6509.7721259670425,"version":"0.3.3"}
