{"duration":"14.707233757s","hostname":"ip-172-31-31-34","metric":"client","n_clients":2,"n_requests":10000,"started":"2018-08-06T16:28:10.458747102Z","throughput":679.9375168182416,"version":"0.3.3"}
{"clients":17,"commits":85000,"drops":0,"duration":"14.8212784s","finished":"2018-08-06T16:28:25.275876319Z","metric":"server","quorum":["alia-virginia-80","alia-virginia-81","alia-virginia-82","alia-virginia-79","alia-virginia-78"],"replica":"alia-virginia-80","started":"2018-08-06T16:28:10.454597846Z","throughput":5734.997866310911,"version":"0.3.3"}
