{"duration":"11.831069015s","hostname":"ip-172-31-31-34","metric":"client","n_clients":2,"n_requests":10000,"started":"2018-08-06T16:54:36.142943107Z","throughput":845.2321584230061,"version":"0.3.3"}
{"clients":17,"commits":85000,"drops":0,"duration":"12.514240816s","finished":"2018-08-06T16:54:48.636087765Z","metric":"server","quorum":["alia-virginia-80","alia-virginia-81","alia-virginia-82"],"replica":"alia-virginia-80","started":"2018-08-06T16:54:36.121847031Z","throughput":6792.261811944981,"version":"0.3.3"}
