{"duration":"14.324748552s","hostname":"ip-172-31-31-34","metric":"client","n_clients":3,"n_requests":15000,"started":"2018-08-06T15:23:02.862760475Z","throughput":1047.1387993687135,"version":"0.3.3"}
{"clients":21,"commits":105000,"drops":0,"duration":"14.358781816s","finished":"2018-08-06T15:23:17.223635365Z","metric":"server","quorum":["alia-virginia-80","alia-virginia-81","alia-virginia-82"],"replica":"alia-virginia-80","started":"2018-08-06T15:23:02.864853547Z","throughput":7312.598056403254,"version":"0.3.3"}
