{"duration":"7.535841182s","hostname":"ip-172-31-16-87","metric":"client","n_clients":1,"n_requests":5000,"started":"2018-08-06T16:15:22.994413747Z","throughput":663.4959361859864,"version":"0.3.3"}
{"clients":5,"commits":25000,"drops":0,"duration":"8.042085317s","finished":"2018-08-06T16:15:31.013002124Z","metric":"server","quorum":["alia-virginia-80","alia-virginia-81","alia-virginia-82","alia-virginia-79","alia-virginia-78"],"replica":"alia-virginia-79","started":"2018-08-06T16:15:22.970916674Z","throughput":3108.6464535700725,"version":"0.3.3"}
