{"duration":"10.623692964s","hostname":"ip-172-31-16-87","metric":"client","n_clients":2,"n_requests":10000,"started":"2018-08-06T17:11:40.733135137Z","throughput":941.292263800029,"version":"0.3.3"}
{"clients":12,"commits":60000,"drops":0,"duration":"11.276820077s","finished":"2018-08-06T17:11:51.99844507Z","metric":"server","quorum":["alia-virginia-80","alia-virginia-81","alia-virginia-82","alia-virginia-79","alia-virginia-78"],"replica":"alia-virginia-79","started":"2018-08-06T17:11:40.721625195Z","throughput":5320.648870010343,"version":"0.3.3"}
