{"duration":"9.00887257s","hostname":"ip-172-31-16-87","metric":"client","n_clients":1,"n_requests":5000,"started":"2018-08-06T18:49:46.226245633Z","throughput":555.0084054524483,"version":"0.3.3"}
{"clients":10,"commits":50000,"drops":0,"duration":"9.595612781s","finished":"2018-08-06T18:49:55.814912716Z","metric":"server","quorum":["alia-virginia-80","alia-virginia-81","alia-virginia-82","alia-virginia-79","alia-virginia-78"],"replica":"alia-virginia-79","started":"2018-08-06T18:49:46.219299949Z","throughput":5210.714640236794,"version":"0.3.3"}
