{"duration":"9.767911849s","hostname":"ip-172-31-16-87","metric":"client","n_clients":1,"n_requests":5000,"started":"2018-08-06T15:32:40.358269647Z","throughput":511.8801313211973,"version":"0.3.3"}
{"clients":9,"commits":45000,"drops":0,"duration":"9.874133903s","finished":"2018-08-06T15:32:50.18557286Z","metric":"server","quorum":["alia-virginia-80","alia-virginia-81","alia-virginia-82","alia-virginia-79","alia-virginia-78"],"replica":"alia-virginia-79","started":"2018-08-06T15:32:40.311438984Z","throughput":4557.361733400021,"version":"0.3.3"}
