{"duration":"8.830596591s","hostname":"ip-172-31-16-87","metric":"client","n_clients":1,"n_requests":5000,"started":"2018-08-06T18:48:42.293981926Z","throughput":566.2131599461715,"version":"0.3.3"}
{"clients":9,"commits":45000,"drops":0,"duration":"9.870093754s","finished":"2018-08-06T18:48:52.113881984Z","metric":"server","quorum":["alia-virginia-80","alia-virginia-81","alia-virginia-82","alia-virginia-79","alia-virginia-78"],"replica":"alia-virginia-79","started":"2018-08-06T18:48:42.243788368Z","throughput":4559.227209140045,"version":"0.3.3"}
