{"duration":"11.766022101s","hostname":"ip-172-31-16-87","metric":"client","n_clients":2,"n_requests":10000,"started":"2018-08-06T17:12:44.528354535Z","throughput":849.9049138408549,"version":"0.3.3"}
{"clients":13,"commits":65000,"drops":0,"duration":"12.150158347s","finished":"2018-08-06T17:12:56.646309717Z","metric":"server","quorum":["alia-virginia-80","alia-virginia-81","alia-virginia-82","alia-virginia-79","alia-virginia-78"],"replica":"alia-virginia-79","started":"2018-08-06T17:12:44.496151463Z","throughput":5349.724517462702,"version":"0.3.3"}
