{"duration":"13.45760216s","hostname":"ip-172-31-16-87","metric":"client","n_clients":2,"n_requests":10000,"started":"2018-08-06T16:27:06.701946122Z","throughput":743.074425971885,"version":"0.3.3"}
{"clients":16,"commits":80000,"drops":0,"duration":"13.856821691s","finished":"2018-08-06T16:27:20.516257441Z","metric":"server","quorum":["alia-virginia-80","alia-virginia-81","alia-virginia-82","alia-virginia-79","alia-virginia-78"],"replica":"alia-virginia-79","started":"2018-08-06T16:27:06.659435766Z","throughput":5773.329684393641,"version":"0.3.3"}
