{"duration":"8.135193786s","hostname":"ip-172-31-16-87","metric":"client","n_clients":1,"n_requests":5000,"started":"2018-08-06T16:17:30.922204247Z","throughput":614.6135090972988,"version":"0.3.3"}
{"clients":7,"commits":35000,"drops":0,"duration":"9.048993276s","finished":"2018-08-06T16:17:39.903220713Z","metric":"server","quorum":["alia-virginia-80","alia-virginia-81","alia-virginia-82","alia-virginia-79","alia-virginia-78"],"replica":"alia-virginia-79","started":"2018-08-06T16:17:30.854227498Z","throughput":3867.8335735786222,"version":"0.3.3"}
