{"duration":"15.545083143s","hostname":"ip-172-31-16-87","metric":"client","n_clients":3,"n_requests":15000,"started":"2018-08-06T18:59:26.742872604Z","throughput":964.9353343442584,"version":"0.3.3"}
{"clients":19,"commits":95000,"drops":0,"duration":"15.551144401s","finished":"2018-08-06T18:59:42.287664294Z","metric":"server","quorum":["alia-virginia-80","alia-virginia-81","alia-virginia-82","alia-virginia-79","alia-virginia-78"],"replica":"alia-virginia-79","started":"2018-08-06T18:59:26.736519926Z","throughput":6108.875176664884,"version":"0.3.3"}
